,KEK,DEK
0,AXSb1zj6JLZ6ZfJ51-kMUHtxOodLigxzFZ9SkTJahbo=,gAAAAABgagQZEfiFmW_BOjFOdlKr7DKH-hwKI94WamiwrPua4vSTmcahNmqeEJmapO_gNJTC3tS72uS5XIJDTG96Ku894RR-Eg_ik6SFM9J6lSbg0OsQBtxVasJCH5v-40tJW-mCQy49
0,AXSb1zj6JLZ6ZfJ51-kMUHtxOodLigxzFZ9SkTJahbo=,gAAAAABgagSN_Oku0dd_lqt_EjJDiXxZDlxkQPJ1_jqrUPSkzwS4xv5Fpoc1xU6Tvnc4gb0wLmDLP9IBAm0Bnk8n11XP7RgQsa_rm_mGDKjyyoVIwv4waqffgs372FubB8U0c_l-9sXo
0,AXSb1zj6JLZ6ZfJ51-kMUHtxOodLigxzFZ9SkTJahbo=,gAAAAABgagSU2bPhu8OZWAjkJ_xqodCaRn2K3FOh9_x4owXu70QOz-6q577hOKetULGdWDPkpdj0TLTqwV9S4nUOL7WA9b5T5KkAIHcRzT_IlPvS_N28aEcwlWsukSMDcM2r4UcDr0cj
0,AXSb1zj6JLZ6ZfJ51-kMUHtxOodLigxzFZ9SkTJahbo=,gAAAAABgkCWFtbulfFKy-p0qemWNM-PauKYnacyxCEV6rvNsFXiuBI2McUUe35y3P7-Xcsd-YXNE9WoTXlnRAvaUz17VzNVNRnk_1XF1e2t24ImLHxwEmrt35ET0E-tuy4OYfswSwxH3
0,AXSb1zj6JLZ6ZfJ51-kMUHtxOodLigxzFZ9SkTJahbo=,gAAAAABgkCVl2UTgM51FEYSpZr-GdsA2mtO2ADn8ZWAm6AbBRl4qrf99Er2xkTUVnOPxgVr4F_BC9udvGRqY21-iPifI-MpfnR70MPQzq2CI3801bK0McCrmifeGFc9L6Xxt1DR5-Y4Y
0,6lCYwpUxXPPcmAaOrk_I61uTJAmtHwM_HGJKbYKO43k=,gAAAAABgkCYr5up0iBGZPwCwxGCyCcsDeqoBdgNJNf0P-lqz8ihjf9ZG3K2ndLGaTWnhA-0wH1wb1d4qDlxzGSZw2AFGbX6WT_d2pWUFbucfrnEPwr9E0UqA104gmtpkyfohS2n_r2nf
0,6lCYwpUxXPPcmAaOrk_I61uTJAmtHwM_HGJKbYKO43k=,gAAAAABgkCYtSrfi9nOfSPKNz5oGgVQ-KlCN1dUTsH5j7Sdpq3XqgV7sZGFyjKVtZ85BDKEbEt1yj5Ss6-aJcUCuP-CA0gTCHo_nbPlRtbEa3bbgUIthbVQsu39qiUVL6L3ihcKKyYRA
0,6lCYwpUxXPPcmAaOrk_I61uTJAmtHwM_HGJKbYKO43k=,gAAAAABgkCYuJU8EALbI7a27tsdDOz2jD_ygXLsf2y3q1MKQ_c3N82lPnIekz9wlmsbh7IgqXjMfuH75r_LyTStOX6Zff1-hCxaw6sJx2ZzJwjcDzkCPN-rAXUTM_54GyoWCBraxDQnQ
0,6lCYwpUxXPPcmAaOrk_I61uTJAmtHwM_HGJKbYKO43k=,gAAAAABgkCYvnUhCtGX2GnRZL8X-wfZOUxmdCzKU1lEqRA3CYGC04RdQBvy0ONqPLrYHeWc8e86zFNmoUuMEGbIP6JgRIqDQQOsBbbyr9i8hvPNxgjm56KRdr3bo1NknnCqcNjcagQi8
0,WEkTc9tcFHd4k75noZWuOlZEWao34WVGeUThknrIqhw=,gAAAAABgkCYwB6w-g5dT27uxrpBlYuaigkMRpjiYnJfNaW2MnJwEhsm6pALENlOp2_WEJfxZ20GIJgQcPjf5-V27oUaIm809Qk-fgjFRjtpRgZSdLjytezyx2sadqqaN7CVSmnQwnS_y
0,WEkTc9tcFHd4k75noZWuOlZEWao34WVGeUThknrIqhw=,gAAAAABgkCYx-G0wnVSPqn257hsw3zSRImPAm9jCrUHAyFos52EQKd75hwJaa4n61Ubj69X7cb5fUU9jRR6aQgteqsaCGR02zc8SQB-zxOMsIfkPJFXNPol2EDKabQ384zdL0UjtvSGO
0,WEkTc9tcFHd4k75noZWuOlZEWao34WVGeUThknrIqhw=,gAAAAABgkCYxcnyeA6kI2BjjJsXTh8UqgiEerl91byh8c0rt9nfW8zIU_0mrZG6SDhkOYMamUGtLQnllIxzAf1ZKCRTAaSUEVIO0LmNwMVgj5blgsDoa4xTb8qBOjJWGI_X384QYmowQ
0,WEkTc9tcFHd4k75noZWuOlZEWao34WVGeUThknrIqhw=,gAAAAABgkCYylvEQfWDj5h19aSFqq-r-hBGpV-pem2Rm_02yYRxySRpFzKOi1PtxT-er9A4c2MiB6NyMLypUm30XGpdxDDN5Zk2TbC6CRwAirN1ReRafnO92MZNtHFQcK72RolsE1_rb
0,c0zTfMcf_WCsq20QsE63d4VyQ1P0Ju26rNzfLLBD0qQ=,gAAAAABgkCw5HBZybutp1ePU6VlRViKZFLPZcMPwiSnaUUG6eL-Mozmh_Q9Zxw1d1WskKNCb2qhqhr4fscyv8X3Abt_4MFvWkF4NnPFukA52omz_ITBxrxWN0YyU6dDbw3J83BFHMLo5
0,c0zTfMcf_WCsq20QsE63d4VyQ1P0Ju26rNzfLLBD0qQ=,gAAAAABgkCxUYy04T3tvf8HREQCfO8sMiBPmbBWV5YbpER6bvlpES9j3quDXluW0ZqSbp8v3rm04vMWbyb6rGWtUcYk6onH46gg914t9mb_HZ57R6RWEEjloG7HdrzHIlmtBpqK2Hvlq
0,c0zTfMcf_WCsq20QsE63d4VyQ1P0Ju26rNzfLLBD0qQ=,gAAAAABgkCx-bvBcV5ZJrOuSm_dOlOKm3AfOlfDsp5sv9SAUNVcV9FuAewEO9Hq3dWmfyptORrHd_fA7ANA1vJlMkzgWRzTDuGA23XhEPDIDvmnfqT3YZpNa2qEb7KVeDPpc9zl34tw7
0,c0zTfMcf_WCsq20QsE63d4VyQ1P0Ju26rNzfLLBD0qQ=,gAAAAABgkCyOC3oo9-P8k22xdoi8eoLfkyq7ymZ-bZXsiZcmmRiHOn7sr18VCshAvis3fnuYpBbZitfLl8JKIYJF9dkoJKtfRdSWeUSERYFCoBP5MzeeLxvWIgYXVX4XwA3fgm-ZNIPm
0,uS3babfZpF2j2HW5VBSg-FMnI50Gh6BZ0KuX72oQpCw=,gAAAAABgkCyZ0TzqZcMh569dmQ0_pTAcSzHtxPeOiN3dP5WA5Qr_SwiOy8h5j6dwJWQdgBZl314q0ekNA-JTYf9D0SJnJzDADHd-1pS7A469SKaQQ6l2igjr27Wi1HdXUjoGipliU77j
0,uS3babfZpF2j2HW5VBSg-FMnI50Gh6BZ0KuX72oQpCw=,gAAAAABgkD00dsmaM4wHSr1-DX49IH5bxeweJ34NhY2on65bt4bLKB003JC7d89sTfX2DIZByV3utaCBUXA0xMz2yVXRhODVh0sxr4uKqvO1yuE5wCpQvhyqxY73Ih2asfUULk98Ssb2
0,uS3babfZpF2j2HW5VBSg-FMnI50Gh6BZ0KuX72oQpCw=,gAAAAABgkD4Kny83mh4pPZckNmerhmpkuylA-7O1AR2kGDJIF1nReLAbW19qIwRt7c8hk01dLU6E5G6CZTs2pH4iofVUIBrXzvq5Mj3qiBXMKsMQ6I9s2vQPzfZkj4zWvLceD96dfsOX
0,uS3babfZpF2j2HW5VBSg-FMnI50Gh6BZ0KuX72oQpCw=,gAAAAABgkD_njAYIc11pKUmGwP9zZmDg7gexnxH84sSERI8yqFj_ic-urFVi4WDOVA1h4R7uhwCN-MQqvqXRPLQoz1_YqKj0xDI9EqMQ_s0MciYgExtdi62sxzokSv07cIHRk4Zrpua7
0,CYXofVoMH0doDgXkXQOq3tBWr1tKBGIxQyI4k8P5QAs=,gAAAAABgkEAQFxyQzIDQoOEJP9TK9rs95LJgfn5eMmTzrKJRVFTmSZqxL57EPgDPRFGDqvK8cnutcrKJD0pEWjxHbM5Pe4LgsJ-A9RMDgfFtg-1M4xQEeM4x-EnXxmomB76jxWlZvKPU
0,CYXofVoMH0doDgXkXQOq3tBWr1tKBGIxQyI4k8P5QAs=,gAAAAABgkEBu6PN9QIMRZ8bHveyMlKJhoQyVJ8E2kGbARHy9eRnAZ7--srAVE0am9ilYlBA2yCWzLjWJQ84iQYa8Dc4K_y8rnzHeN5iOj8dfRh4pcuku8XY_eM2J04nnaiagGbIEAXKs
0,CYXofVoMH0doDgXkXQOq3tBWr1tKBGIxQyI4k8P5QAs=,gAAAAABgkECx_2cXfjyXhtvqE5y9oVIoRiN0RWgua0buL6OF1C_hupYS2wiidn5XeZFK2sHe9voqTm8Wp6Jb4A7E8FdODsPs1c5xbZRqps3_8eRzkxC2jL-8mEgeiNf9j39OU6UGTN-z
0,CYXofVoMH0doDgXkXQOq3tBWr1tKBGIxQyI4k8P5QAs=,gAAAAABgkEDObTtVQMV2Ky5xTHPZ38LQmeaothpMCKtQULC4wQbgr4l9h51KFSdAUTe0qHh6KGx-oM1w6lQ0BzOK-yZIt9f1wFZuUrFziuCuoR34_kNuYOhgvn9Tn7HMRqIZXuYJ1i6B
0,Km1yiVC-FpVmOczA8rvzJZSFMi6C6IWh5agLNFKxYTQ=,gAAAAABgkEDzhClNRpKgL90fFslblf4FDB1QLCd61ExkSNPapeC2mFXSGepTpX877wnkOn-B9JGNdjh-aK23aCoXN_P1sJrFJdZTlqIuF2ghlRqZxECq-OLDYePsJixAREMetBMN2DO4
0,Km1yiVC-FpVmOczA8rvzJZSFMi6C6IWh5agLNFKxYTQ=,gAAAAABgkEJ0osPUOw9FZy2Q_GYuiQCe5ZIrB8yhKJBqqGiPZPIwHCYuf2u-GUeea4NwT05qBBhHkImBFhkD_py9TN9QFfi5MVj2XUJeTwPXKhZ_nSY362ByPY0oKWuiSjs63PO0vyg8
0,Km1yiVC-FpVmOczA8rvzJZSFMi6C6IWh5agLNFKxYTQ=,gAAAAABgkEKDc0Ir5zM82m79z5HATJVPbKdeoZVtg-4HqV2wRJEUC33x76HUxjV9nLyaEi957yZ7akCdLlW4ZpmENIgpVAYstvumYQgK3BHZbZ7rVGfImUccOIpe3q1riad0T2TTjy4M
0,Km1yiVC-FpVmOczA8rvzJZSFMi6C6IWh5agLNFKxYTQ=,gAAAAABgkENB_N81wzwVQvI06VPqzkfUDpr_r_0WWB3LT-XTEhd2CPPdraDv3ZKwJjNiYvFh3bTWGt2-U_17zIF8pwlgeChynzEDWCYX04aQbNE0TbqfsFn0W2O6s0KkRHH-lA8iHeyx
0,PJE2foDAYpxncz3-jmFUb8kPi5RaipHGmWs98TUqBuA=,gAAAAABgkENQPYp_Nos4MllH84oZ_G-KtsLdHAvkTL77mKIg5OjthRdhv7ye4j8UKTM5LLk4Mf7Bc_ga77a_ZNhaRz7iJx6OUh-w6ySRt5CSWA3g9H-56RqjyxoNIC8-uveym6Ue3WBU
0,PJE2foDAYpxncz3-jmFUb8kPi5RaipHGmWs98TUqBuA=,gAAAAABgkEOMKdIpw44woDeXYHwsPs63Rsu8nJcKqwi5fbogml8asm-9XWVSfmiOQ5x-wFAGsr4mMk_WVbV3Y0m9pywKdN6D1sLA9syWxmDlW8O221JkFUrRjyqqlJgF0XuqJvzMtzll
0,PJE2foDAYpxncz3-jmFUb8kPi5RaipHGmWs98TUqBuA=,gAAAAABgkEOXR2TfM537m_CHFLu2LF06LlXzs_j9kQLyn-kGHOeI03sGtaEhtt_4613dkd-_TG_2UC_k2goMAuyJwMgshBZtofo_FcMy-J6PPywQOaLXMQU_uHXY5LVVSta_4_QYsaAK
0,PJE2foDAYpxncz3-jmFUb8kPi5RaipHGmWs98TUqBuA=,gAAAAABgkEO2lHXWdMMKXhpSKkMu5ZuFWxcZyT8q7pRYwuzXkn4z4iUA4MwUDxnEkm69xpElCm_gxgd4En5AGK3XDvdAs6OupXbPQfNDofVtENjLuxgOKV-D5Pq4T0GgXsykuyL-WDuS
0,gyUX1ierdVH-7KwWgu6t0_WA2rcIFuqhyQzksuvMz8E=,gAAAAABgkEO2kLZYzGFXspOLNgZVdRZjRDfp-7Uuf3Zm5qT9BAu_I9l64-55KFS5soRyuca3-qByeDIEGYhAIl2xjz71tn7dHkdDj4ct6E5cWh81kmleZVU-mNAWCeWjKhzzmnbXSTOo
0,gyUX1ierdVH-7KwWgu6t0_WA2rcIFuqhyQzksuvMz8E=,gAAAAABgkEQ0q-SHKHZl5yTz9_bBNpz2Qyy2_n0YusnibZNx-BMD5ZKYQC-nqH5trWYD5ap2xtHmkJ4ZchMwCZIayOyf8rUEOTbSGZ04bK2rcO4-187KxU47XJSKZYMDPfnU0ge3rXNC
0,gyUX1ierdVH-7KwWgu6t0_WA2rcIFuqhyQzksuvMz8E=,gAAAAABgkEkgYp5fHB90bTRD7IKANd3f2FSnhRV-TkUBnA6eFSC9hN_t-dore6XEMXT-s3aoByIVH6_vLvmYhzJXoTwiiBTBNb7xSuxwlIz5vZwEZgkvPiL0ntjty0fyoQvDweMCcxL4
0,gyUX1ierdVH-7KwWgu6t0_WA2rcIFuqhyQzksuvMz8E=,gAAAAABgkFEgJX8Fuy-VXOK9313OAE3ONLKxZuigmNdlCmBPvM7qtW5ONa8GISjs9_TGtKPBkr924_Tjr2pX2ycBfuswf1B8iDXvJGKCw07-lUpECXdNH-sunnghN2rQC07VFmMNPALL
0,e6E12SPc7YETlwm0WhTRIr0yUPElGhY0daxFPpeBTiE=,gAAAAABgkFFWop1-0ZNw38Ztz7p9-miTC9-0i7y3ytaYXqIFdY8XPufRVtHrA_hpqabYSIyXhblmwcM621VqIyGZP-dWsUkfUimKKl8m5yKIr-XKpU8tREwjHyhlLBQ63o0ezFsOj_P7
0,e6E12SPc7YETlwm0WhTRIr0yUPElGhY0daxFPpeBTiE=,gAAAAABgkFGpKJhNxWjuIjtqtuTm13vLH3PK5Ye_3tvZ0TG2du2oN0xbs6iHl5I4VYgZRD0I2CZXg6u1BSfY6eS4V8RZsgiX83u7xBElHqePPRN_Rp1kfTGd7SCPs3K8mD0V_bisL3Wr
0,e6E12SPc7YETlwm0WhTRIr0yUPElGhY0daxFPpeBTiE=,gAAAAABgkFHcoW2krGciVtKQ3MU7HtnO7k8LCFete7xCmdKjWD-bgOPL4iB1YVUpyhSIlRCk8zLdEsjtuL_bStDqiesVxIaIV6Uvi2yspmk6as5_nWOorBz8Vx4hDGIN5IlHzwH6s9ni
0,e6E12SPc7YETlwm0WhTRIr0yUPElGhY0daxFPpeBTiE=,gAAAAABgkFIXztal-cxuUY0_iIRExzRYkYRPyK2B1NewNWHv00kvM5C6j6GNIrW_ueLu2FtKyPNFGd8KC9lZ21_qTaAQ2Ja-XZnwzgebSRpVhJfEbX49DEmM1pG4OEK1QbRxKdn4T4ka
0,vVs0X6CgypIkVUQ51N5R6cVDw0QS0P6xPZuGjTyvImw=,gAAAAABglm0jtOBAFJTKZXpYuaSzYrtJcWz7eKT0NV3ro00hY496-emWpo1p18z3NZSNf9M6YFkQM5Epm4-esl8dPyVwoypiuuUjbgh5VzCTfJNbZIv2xMhxmnME323LRrqaHZolRs01
0,vVs0X6CgypIkVUQ51N5R6cVDw0QS0P6xPZuGjTyvImw=,gAAAAABglm0069-TKGQSafs_ap2edfh8CfvJKbTNB1AocFLAzruH7EPdPYUeE7L3zml4kf-tZfWqQJyFwbfJaQfpVCMV7OG5sBhsvfcVyEGJqNNKZ0_NUTtkwKcLCQqHAa4_OYtctH4b
0,SIC48hZ2NBjBu8iS0w_5up7pch8nHzRc_yxNW629TyI=,gAAAAABgkCrFApwEdyx-7mISniwE0Ez8nt0R9JNGjbq8wKvqBFrA-fKNPcWjV_LC5gUumKqUR1iYiTN2hanVB7k_rBkXdt4PU50lm6DJrRyYnz2HXeqUqsOXDKsnZdhJ5uD__EvvUPHZ
0,SIC48hZ2NBjBu8iS0w_5up7pch8nHzRc_yxNW629TyI=,gAAAAABgkCscIpLuxHDTSCsA7-Bxa5TmbPxiREcnDtKMji7ZkAe_si3f4aBD3--r--mIyFHHrszO74jBBqJestQw26pPpFUqrSTSflnYMqMkG8wD6px0tdSGaoHkNjapwIMGjUSwj8Tz
0,SIC48hZ2NBjBu8iS0w_5up7pch8nHzRc_yxNW629TyI=,gAAAAABgkCszl0hDt6gzy-afbMXTMKVRyipG4a_0JdfmMc3JvD1Qn9wtDvrFJs5wjErrWidrWCKueOZMUe4eeMoGdxpfDiit2mYNwH5hzZb-LP5jS1gfDEPQJiLT0p9opUdyfob6DZhA
0,SIC48hZ2NBjBu8iS0w_5up7pch8nHzRc_yxNW629TyI=,gAAAAABgkCu4LltavF4wMxGXDCgVAg2gSnAZj7qVXBO_9PeEURggcUtYU-MbJQoTIsnfGzx_7lVku3Db6BWDl-2NkpWVvI-rhBDWxhy9upeUXEslGW8FWmhm6G4IPS2G0_XJXxFk0-Zl
0,EuDfUlQHBi47vRLNinAcSCiOSlr8nRsFA9ArRCudrMM=,gAAAAABgkCwET77vMKfXPu6hypxpvE-_3ra9UkhDYQGt_UyrVi-2uzO1vmqsKVUwGzZTM00MAt2ZzrO2yCoSmvppWMz7KyK8Au4HAWh-akQKcHCVunvkLx5UXBQbfKxgwC9tuTc3Rgpc
0,EuDfUlQHBi47vRLNinAcSCiOSlr8nRsFA9ArRCudrMM=,gAAAAABgkCwheE6y0mQu8cp_qnTNjTH1CHbGxsVlRsuUBZO_rnFlE5augMu28SY9Cmg9bDyUIsgoWLlUOAVyalAhRteuJxYP9XCwmuV2huoLd2MoIpSGsnpEMS1pzJgj8RTv-tbBagXb
0,EuDfUlQHBi47vRLNinAcSCiOSlr8nRsFA9ArRCudrMM=,gAAAAABgkCw1D-yEHKu9Ru00wsS_A4QW5AgiGbv9MC3W0eScvp7mz9PBcBhOul_PeWkpciy0b3YPezVKia5UtbeNbqKelXOxxalfR5g9hf-BFNeWsrCd2AnpjB7QlO03dzSLehSRPvVz
0,EuDfUlQHBi47vRLNinAcSCiOSlr8nRsFA9ArRCudrMM=,gAAAAABgkCxO7_4p8YqZmDAUQ8YCMkIXrRSSec2ZOgdBzYI8M8wKObln_BI2skFngiunZC9H5iCEPbydwVNb_MZprDScl6a2NmTiBHogu0TAz7hIhvpmH5qic4aAh3fSL0em9BzjpJth
0,mkQ5mpo1uEvN1SBsAjD8MFY21ConRrhQSzXhb8wcIyU=,gAAAAABgkCzjyh8qErW7pqdqyRY4TdznDXUOom_gGdIyc81-m0W6glIO-YzxHroXfVtB1eU2bwBJ5U_V3DKS761Kf1O5xepBVH9QmTub2k12BSo0-jIzCrckzMKR_Wnm9BpOdls6vXWJ
0,mkQ5mpo1uEvN1SBsAjD8MFY21ConRrhQSzXhb8wcIyU=,gAAAAABgkDGF5RenaTlx6g7S2wMRMpcnsvts9o1F2Zp_9Y83U0sRwViQU6WRtZLCANZVtiUmx8v19Yv_axj5sdYOI-Usizt_p7C_vrF9NLJRefyKQeUFfbdQuBz7szlFQKTW8jHei9Wf
0,mkQ5mpo1uEvN1SBsAjD8MFY21ConRrhQSzXhb8wcIyU=,gAAAAABglnJPCdtD7AjC7jHi92almJhYbOZKYbjJT4hqjVL-rPllr0hKsbL-8_ZJIpXcvw7Vxfl4jjlwVZiA4lEvpJbSW5Y5qWyfcidBDpC22nKSQqjb-Dlz6iB80x5tIMSXBW5JvvCC
0,mkQ5mpo1uEvN1SBsAjD8MFY21ConRrhQSzXhb8wcIyU=,gAAAAABglnXlXjj-ZWDzCRODoWTArJ7NUggMPdRP-F_WJ2CsjtEzbhPg_ZvrlYGV4NsHlfxv2uWWeNyX3PBPh2rEmgpl7hTs2iYrskRL00zZtU-m9vsumNzxIKrTNR-rDoEsldBmJzqX
0,vVs0X6CgypIkVUQ51N5R6cVDw0QS0P6xPZuGjTyvImw=,gAAAAABglns-vKUQHY3qAemA3Av3P-2QfQVv7sEGH-_jA-Ihk8_LEYCrGZHcdjlvGuvQETtCe443o862WU7E9UqgfxOilYLCtmdQ8GPOYe1YWqF-4i92eJ-lIwrMQvS3KGB6m-kvQUzO
0,vVs0X6CgypIkVUQ51N5R6cVDw0QS0P6xPZuGjTyvImw=,gAAAAABglq8PtILFvy3rg2dlFu3Hqs61X6XHj8_bdv4IxiABXjZNYbhn-fNS9JD-jL6gfQcKrk5OMMsaIUVXxpjMGqpcEp3soXTR-Wde24gwIwMF1JfKzJfW_FgWsaHu6TZounFfYl0S
0,C-uGxLfaUFBpG8ZoIpvOCuoEv4CmW9j4B9TdXwn8BDY=,gAAAAABglrI3T5Jr7-nNzYIphqbeO7aB00x8vTV6RM_V26FjF9JpzzNIZF_W_wj4yHIKb2EcHh8jNiQz0tdlda-QR58tM_w7HsH8hywPbDoV2fo_7hGyJp6z55ht1ZXHxMFyTIiOo27V
0,C-uGxLfaUFBpG8ZoIpvOCuoEv4CmW9j4B9TdXwn8BDY=,gAAAAABglrI8nlD0xNnGdV44Bf08EYUllAiWuQfMvcwfV250nYXAKgO9poofcbzKyJi-chll974OXrN6dEOQ_tW3QY0cRa-Eudn1KTa0J51naWN1_O9jdgtKY6wPyORoxi1cqTd9J8Vo
0,C-uGxLfaUFBpG8ZoIpvOCuoEv4CmW9j4B9TdXwn8BDY=,gAAAAABglrJDJETde5CsO3Yone-iwVBmWtiYV4Np-tHCVnxNbQuJ-4ES5-6ciBv4guyq77QrKXhk88G8BGj54hQM0hw3yfHOu4GR4X0wjOeawYZLPNIXLEbe2g2DbPBIO3mHNaJ3Y6yv
0,C-uGxLfaUFBpG8ZoIpvOCuoEv4CmW9j4B9TdXwn8BDY=,gAAAAABglrVMuvWkLpVmhywBKd4CQSNa663N7hx_dGtqpoTE1D6kkmHqhtD_rPkXKNb2AhkZqUEtDWJsqsySpNBMb0HzQHSqFJ2eNPvkBTHE-6zvnfDmBLZzzn_jwMtphW6SdRm38ism
